{
    "name": "root",
    "metadata": {
        "timer_format_version": "0.1.0",
        "start_time_seconds": "1728112372",
        "python_version": "3.7.0 (v3.7.0:1bf9cc5093, Jun 27 2018, 04:59:51) [MSC v.1914 64 bit (AMD64)]",
        "command_line_arguments": "C:\\Users\\Abolfazl\\AppData\\Local\\Programs\\Python\\Python37\\Scripts\\mlagents-learn --run-id=Drive_01",
        "mlagents_version": "0.26.0",
        "mlagents_envs_version": "0.26.0",
        "communication_protocol_version": "1.5.0",
        "pytorch_version": "1.7.1+cu110",
        "numpy_version": "1.21.6",
        "end_time_seconds": "1728112404"
    },
    "total": 32.7128046,
    "count": 1,
    "self": 0.004936000000000718,
    "children": {
        "run_training.setup": {
            "total": 0.08015690000000009,
            "count": 1,
            "self": 0.08015690000000009
        },
        "TrainerController.start_learning": {
            "total": 32.6277117,
            "count": 1,
            "self": 0.030760800000038557,
            "children": {
                "TrainerController._reset_env": {
                    "total": 10.7241401,
                    "count": 1,
                    "self": 10.7241401
                },
                "TrainerController.advance": {
                    "total": 21.462022899999962,
                    "count": 2175,
                    "self": 0.028379099999916946,
                    "children": {
                        "env_step": {
                            "total": 18.62238680000011,
                            "count": 2175,
                            "self": 13.974572800000235,
                            "children": {
                                "SubprocessEnvManager._take_step": {
                                    "total": 4.628895499999933,
                                    "count": 2175,
                                    "self": 0.102433499999945,
                                    "children": {
                                        "TorchPolicy.evaluate": {
                                            "total": 4.526461999999988,
                                            "count": 2167,
                                            "self": 2.5301353999999705,
                                            "children": {
                                                "TorchPolicy.sample_actions": {
                                                    "total": 1.9963266000000175,
                                                    "count": 2167,
                                                    "self": 1.9963266000000175
                                                }
                                            }
                                        }
                                    }
                                },
                                "workers": {
                                    "total": 0.018918499999942995,
                                    "count": 2174,
                                    "self": 0.0,
                                    "children": {
                                        "worker_root": {
                                            "total": 24.232774999999982,
                                            "count": 2174,
                                            "is_parallel": true,
                                            "self": 11.987049599999846,
                                            "children": {
                                                "steps_from_proto": {
                                                    "total": 0.0003485000000003069,
                                                    "count": 1,
                                                    "is_parallel": true,
                                                    "self": 0.00012660000000064286,
                                                    "children": {
                                                        "_process_rank_one_or_two_observation": {
                                                            "total": 0.00022189999999966403,
                                                            "count": 2,
                                                            "is_parallel": true,
                                                            "self": 0.00022189999999966403
                                                        }
                                                    }
                                                },
                                                "UnityEnvironment.step": {
                                                    "total": 12.245376900000137,
                                                    "count": 2174,
                                                    "is_parallel": true,
                                                    "self": 0.19116420000027645,
                                                    "children": {
                                                        "UnityEnvironment._generate_step_input": {
                                                            "total": 0.27760399999993624,
                                                            "count": 2174,
                                                            "is_parallel": true,
                                                            "self": 0.27760399999993624
                                                        },
                                                        "communicator.exchange": {
                                                            "total": 11.337961299999971,
                                                            "count": 2174,
                                                            "is_parallel": true,
                                                            "self": 11.337961299999971
                                                        },
                                                        "steps_from_proto": {
                                                            "total": 0.4386473999999527,
                                                            "count": 2174,
                                                            "is_parallel": true,
                                                            "self": 0.19378129999994087,
                                                            "children": {
                                                                "_process_rank_one_or_two_observation": {
                                                                    "total": 0.24486610000001185,
                                                                    "count": 4348,
                                                                    "is_parallel": true,
                                                                    "self": 0.24486610000001185
                                                                }
                                                            }
                                                        }
                                                    }
                                                }
                                            }
                                        }
                                    }
                                }
                            }
                        },
                        "trainer_advance": {
                            "total": 2.8112569999999337,
                            "count": 2174,
                            "self": 0.0346342999999365,
                            "children": {
                                "process_trajectory": {
                                    "total": 1.0405852999999965,
                                    "count": 2174,
                                    "self": 1.0405852999999965
                                },