{
    "name": "root",
    "gauges": {
        "Drive.Policy.Entropy.mean": {
            "value": 1.742476224899292,
            "min": 1.742476224899292,
            "max": 1.9245370626449585,
            "count": 10
        },
        "Drive.Policy.Entropy.sum": {
            "value": 86949.5625,
            "min": 86949.5625,
            "max": 98632.5234375,
            "count": 10
        },
        "Drive.Environment.EpisodeLength.mean": {
            "value": 378.4384615384615,
            "min": 47.159769008662174,
            "max": 378.5,
            "count": 10
        },
        "Drive.Environment.EpisodeLength.sum": {
            "value": 49197.0,
            "min": 45518.0,
            "max": 50275.0,
            "count": 10
        },
        "Drive.Step.mean": {
            "value": 499968.0,
            "min": 49990.0,
            "max": 499968.0,
            "count": 10
        },
        "Drive.Step.sum": {
            "value": 499968.0,
            "min": 49990.0,
            "max": 499968.0,
            "count": 10
        },
        "Drive.Policy.ExtrinsicValueEstimate.mean": {
            "value": 7.27252721786499,
            "min": 0.5094283819198608,
            "max": 7.31821346282959,
            "count": 10
        },
        "Drive.Policy.ExtrinsicValueEstimate.sum": {
            "value": 5854.38427734375,
            "min": 482.9381103515625,
            "max": 5977.1240234375,
            "count": 10
        },
        "Drive.Environment.CumulativeReward.mean": {
            "value": 35.678111221240115,
            "min": 0.8987869915762389,
            "max": 35.85938084035209,
            "count": 10
        },
        "Drive.Environment.CumulativeReward.sum": {
            "value": 4638.154458761215,
            "min": 932.9408972561359,
            "max": 4733.4382709264755,
            "count": 10
        },
        "Drive.Policy.ExtrinsicReward.mean": {
            "value": 35.678111221240115,
            "min": 0.8987869915762389,
            "max": 35.85938084035209,
            "count": 10
        },
        "Drive.Policy.ExtrinsicReward.sum": {
            "value": 4638.154458761215,
            "min": 932.9408972561359,
            "max": 4733.4382709264755,
            "count": 10
        },
        "Drive.Losses.PolicyLoss.mean": {
            "value": 0.02247100269693571,
            "min": 0.02247100269693571,
            "max": 0.026062815326634636,
            "count": 10
        },
        "Drive.Losses.PolicyLoss.sum": {
            "value": 0.11235501348467855,
            "min": 0.09078602498872594,
            "max": 0.13031407663317318,
            "count": 10
        },
        "Drive.Losses.ValueLoss.mean": {
            "value": 0.8479954596360525,
            "min": 0.08989549223333598,
            "max": 0.8508717282613117,
            "count": 10
        },
        "Drive.Losses.ValueLoss.sum": {
            "value": 4.239977298180262,
            "min": 0.35958196893334393,
            "max": 4.254358641306559,
            "count": 10
        },
        "Drive.Policy.LearningRate.mean": {
            "value": 1.599393466872e-05,
            "min": 1.599393466872e-05,
            "max": 0.0002846229051257,
            "count": 10
        },
        "Drive.Policy.LearningRate.sum": {
            "value": 7.996967334359999e-05,
            "min": 7.996967334359999e-05,
            "max": 0.001284411071863,
            "count": 10
        },
        "Drive.Policy.Epsilon.mean": {
            "value": 0.10533128000000003,
            "min": 0.10533128000000003,
            "max": 0.1948743,
            "count": 10
        },
        "Drive.Policy.Epsilon.sum": {
            "value": 0.5266564000000001,
            "min": 0.4997678,
            "max": 0.9281370000000001,
            "count": 10
        },
        "Drive.Policy.Beta.mean": {
            "value": 0.00027603087200000006,
            "min": 0.00027603087200000006,
            "max": 0.00474422757,
            "count": 10
        },
        "Drive.Policy.Beta.sum": {
            "value": 0.0013801543600000003,
            "min": 0.0013801543600000003,
            "max": 0.021414036299999998,
            "count": 10
        },
        "Drive.IsTraining.mean": {
            "value": 1.0,
            "min": 1.0,
            "max": 1.0,
            "count": 10
        },
        "Drive.IsTraining.sum": {
            "value": 1.0,
            "min": 1.0,
            "max": 1.0,
            "count": 10
        }
    },
    "metadata": {
        "timer_format_version": "0.1.0",
        "start_time_seconds": "1728148113",
        "python_version": "3.7.0 (v3.7.0:1bf9cc5093, Jun 27 2018, 04:59:51) [MSC v.1914 64 bit (AMD64)]",
        "command_line_arguments": "C:\\Users\\Abolfazl\\AppData\\Local\\Programs\\Python\\Python37\\Scripts\\mlagents-learn --initialize-from=Drive_03 --run-id=Drive_03 --force",
        "mlagents_version": "0.26.0",
        "mlagents_envs_version": "0.26.0",
        "communication_protocol_version": "1.5.0",
        "pytorch_version": "1.7.1+cu110",
        "numpy_version": "1.21.6",
        "end_time_seconds": "1728148433"
    },
    "total": 319.2270003,
    "count": 1,
    "self": 0.005835899999965477,
    "children": {
        "run_training.setup": {
            "total": 0.08369739999999992,
            "count": 1,
            "self": 0.08369739999999992
        },
        "TrainerController.start_learning": {
            "total": 319.137467,
            "count": 1,
            "self": 0.19661179999945944,
            "children": {
                "TrainerController._reset_env": {
                    "total": 10.5554806,
                    "count": 1,
                    "self": 10.5554806
                },
                "TrainerController.advance": {
                    "total": 308.32516930000054,
                    "count": 12315,
                    "self": 0.16970590000067887,
                    "children": {
                        "env_step": {
                            "total": 181.34831189999963,
                            "count": 12315,
                            "self": 146.69009890000154,
                            "children": {
                                "SubprocessEnvManager._take_step": {
                                    "total": 34.53745449999934,
                                    "count": 12315,
                                    "self": 0.6175989000005586,
                                    "children": {
                                        "TorchPolicy.evaluate": {
                                            "total": 33.91985559999878,
                                            "count": 10031,
                                            "self": 15.52001159999788,
                                            "children": {
                                                "TorchPolicy.sample_actions": {
                                                    "total": 18.399844000000904,
                                                    "count": 10031,
                                                    "self": 18.399844000000904
                                                }
                                            }
                                        }
                                    }
                                },
                                "workers": {
                                    "total": 0.12075849999873611,
                                    "count": 12315,
                                    "self": 0.0,
                                    "children": {
                                        "worker_root": {
                                            "total": 310.6099293999996,
                                            "count": 12315,
                                            "is_parallel": true,
                                            "self": 184.31450020000074,