{
    "name": "root",
    "gauges": {
        "Drive.Policy.Entropy.mean": {
            "value": 1.8358949422836304,
            "min": 1.8358949422836304,
            "max": 1.9690337181091309,
            "count": 5
        },
        "Drive.Policy.Entropy.sum": {
            "value": 91243.9765625,
            "min": 91243.9765625,
            "max": 101109.8828125,
            "count": 5
        },
        "Drive.Environment.EpisodeLength.mean": {
            "value": 188.15589353612168,
            "min": 169.1326530612245,
            "max": 188.15589353612168,
            "count": 5
        },
        "Drive.Environment.EpisodeLength.sum": {
            "value": 49485.0,
            "min": 46638.0,
            "max": 49725.0,
            "count": 5
        },
        "Drive.Step.mean": {
            "value": 249985.0,
            "min": 49959.0,
            "max": 249985.0,
            "count": 5
        },
        "Drive.Step.sum": {
            "value": 249985.0,
            "min": 49959.0,
            "max": 249985.0,
            "count": 5
        },
        "Drive.Policy.ExtrinsicValueEstimate.mean": {
            "value": 4.952178955078125,
            "min": 4.6868767738342285,
            "max": 4.952178955078125,
            "count": 5
        },
        "Drive.Policy.ExtrinsicValueEstimate.sum": {
            "value": 4689.71337890625,
            "min": 4354.1083984375,
            "max": 4689.71337890625,
            "count": 5
        },
        "Drive.Environment.CumulativeReward.mean": {
            "value": 13.737234012142334,
            "min": 12.183202788587344,
            "max": 13.737234012142334,
            "count": 5
        },
        "Drive.Environment.CumulativeReward.sum": {
            "value": 3612.8925451934338,
            "min": 3253.553943693638,
            "max": 3612.8925451934338,
            "count": 5
        },
        "Drive.Policy.ExtrinsicReward.mean": {
            "value": 13.737234012142334,
            "min": 12.183202788587344,
            "max": 13.737234012142334,
            "count": 5
        },
        "Drive.Policy.ExtrinsicReward.sum": {
            "value": 3612.8925451934338,
            "min": 3253.553943693638,
            "max": 3612.8925451934338,
            "count": 5
        },
        "Drive.Losses.PolicyLoss.mean": {
            "value": 0.023447664824198,
            "min": 0.022854717810211395,
            "max": 0.026365054625008877,
            "count": 5
        },
        "Drive.Losses.PolicyLoss.sum": {
            "value": 0.11723832412099,
            "min": 0.09141887124084558,
            "max": 0.13182527312504438,
            "count": 5
        },
        "Drive.Losses.ValueLoss.mean": {
            "value": 0.6621137128273646,
            "min": 0.5978994597991307,
            "max": 0.7952063941955567,
            "count": 5
        },
        "Drive.Losses.ValueLoss.sum": {
            "value": 3.310568564136823,
            "min": 2.391597839196523,
            "max": 3.9760319709777834,
            "count": 5
        },
        "Drive.Policy.LearningRate.mean": {
            "value": 0.00016423996525335999,
            "min": 0.00016423996525335999,
            "max": 0.00028458000513999996,
            "count": 5
        },
        "Drive.Policy.LearningRate.sum": {
            "value": 0.0008211998262668,
            "min": 0.0008211998262668,
            "max": 0.0012842004719332003,
            "count": 5
        },
        "Drive.Policy.Epsilon.mean": {
            "value": 0.15474664000000002,
            "min": 0.15474664000000002,
            "max": 0.19486,
            "count": 5
        },
        "Drive.Policy.Epsilon.sum": {
            "value": 0.7737332000000001,
            "min": 0.7737332000000001,
            "max": 0.9280668,
            "count": 5
        },
        "Drive.Policy.Beta.mean": {
            "value": 0.0027418573360000007,
            "min": 0.0027418573360000007,
            "max": 0.004743513999999999,
            "count": 5
        },
        "Drive.Policy.Beta.sum": {
            "value": 0.013709286680000004,
            "min": 0.013709286680000004,
            "max": 0.021410533319999998,
            "count": 5
        },
        "Drive.IsTraining.mean": {
            "value": 1.0,
            "min": 1.0,
            "max": 1.0,
            "count": 5
        },
        "Drive.IsTraining.sum": {
            "value": 1.0,
            "min": 1.0,
            "max": 1.0,
            "count": 5
        }
    },
    "metadata": {
        "timer_format_version": "0.1.0",
        "start_time_seconds": "1728133601",
        "python_version": "3.7.0 (v3.7.0:1bf9cc5093, Jun 27 2018, 04:59:51) [MSC v.1914 64 bit (AMD64)]",
        "command_line_arguments": "C:\\Users\\Abolfazl\\AppData\\Local\\Programs\\Python\\Python37\\Scripts\\mlagents-learn --initialize-from=Drive_03 --run-id=Drive_03 --force",
        "mlagents_version": "0.26.0",
        "mlagents_envs_version": "0.26.0",
        "communication_protocol_version": "1.5.0",
        "pytorch_version": "1.7.1+cu110",
        "numpy_version": "1.21.6",
        "end_time_seconds": "1728133855"
    },
    "total": 253.566421,
    "count": 1,
    "self": 0.0047996000000125605,
    "children": {
        "run_training.setup": {
            "total": 0.08860660000000009,
            "count": 1,
            "self": 0.08860660000000009
        },
        "TrainerController.start_learning": {
            "total": 253.4730148,
            "count": 1,
            "self": 0.12395910000066124,
            "children": {
                "TrainerController._reset_env": {
                    "total": 19.944941999999998,
                    "count": 1,
                    "self": 19.944941999999998
                },
                "TrainerController.advance": {
                    "total": 232.82550509999933,
                    "count": 6641,
                    "self": 0.10385620000039353,
                    "children": {
                        "env_step": {
                            "total": 159.2467207999997,
                            "count": 6641,
                            "self": 135.1559826999968,
                            "children": {
                                "SubprocessEnvManager._take_step": {
                                    "total": 24.009638500000623,
                                    "count": 6641,
                                    "self": 0.3423935000012932,
                                    "children": {
                                        "TorchPolicy.evaluate": {
                                            "total": 23.66724499999933,
                                            "count": 5380,
                                            "self": 11.439225399998811,
                                            "children": {
                                                "TorchPolicy.sample_actions": {
                                                    "total": 12.228019600000518,
                                                    "count": 5380,
                                                    "self": 12.228019600000518
                                                }
                                            }
                                        }
                                    }
                                },
                                "workers": {
                                    "total": 0.08109960000228966,
                                    "count": 6640,
                                    "self": 0.0,
                                    "children": {
                                        "worker_root": {
                                            "total": 233.94639719999932,
                                            "count": 6640,
                                            "is_parallel": true,
                                            "self": 110.81449439999858,