{
    "name": "root",
    "gauges": {
        "Drive.Policy.Entropy.mean": {
            "value": 1.809416651725769,
            "min": 1.7194807529449463,
            "max": 1.8572173118591309,
            "count": 10
        },
        "Drive.Policy.Entropy.sum": {
            "value": 90380.359375,
            "min": 85888.0625,
            "max": 94798.6484375,
            "count": 10
        },
        "Drive.Step.mean": {
            "value": 499986.0,
            "min": 49950.0,
            "max": 499986.0,
            "count": 10
        },
        "Drive.Step.sum": {
            "value": 499986.0,
            "min": 49950.0,
            "max": 499986.0,
            "count": 10
        },
        "Drive.Policy.ExtrinsicValueEstimate.mean": {
            "value": 7.254065990447998,
            "min": 6.579417705535889,
            "max": 7.599330425262451,
            "count": 10
        },
        "Drive.Policy.ExtrinsicValueEstimate.sum": {
            "value": 6216.734375,
            "min": 5691.1962890625,
            "max": 6649.4140625,
            "count": 10
        },
        "Drive.Environment.EpisodeLength.mean": {
            "value": 377.1515151515151,
            "min": 292.0751445086705,
            "max": 399.09565217391304,
            "count": 10
        },
        "Drive.Environment.EpisodeLength.sum": {
            "value": 49784.0,
            "min": 41005.0,
            "max": 55352.0,
            "count": 10
        },
        "Drive.Environment.CumulativeReward.mean": {
            "value": 34.69676536637725,
            "min": 25.7496804338077,
            "max": 36.66075684220895,
            "count": 10
        },
        "Drive.Environment.CumulativeReward.sum": {
            "value": 4579.973028361797,
            "min": 3722.78813290596,
            "max": 5110.551749765873,
            "count": 10
        },
        "Drive.Policy.ExtrinsicReward.mean": {
            "value": 34.69676536637725,
            "min": 25.7496804338077,
            "max": 36.66075684220895,
            "count": 10
        },
        "Drive.Policy.ExtrinsicReward.sum": {
            "value": 4579.973028361797,
            "min": 3722.78813290596,
            "max": 5110.551749765873,
            "count": 10
        },
        "Drive.Losses.PolicyLoss.mean": {
            "value": 0.024676641484547873,
            "min": 0.022637145865534575,
            "max": 0.027102665013420246,
            "count": 10
        },
        "Drive.Losses.PolicyLoss.sum": {
            "value": 0.12338320742273937,
            "min": 0.09151664178902542,
            "max": 0.13551332506710123,
            "count": 10
        },
        "Drive.Losses.ValueLoss.mean": {
            "value": 0.8426514108975729,
            "min": 0.7582184964418411,
            "max": 1.026072878440221,
            "count": 10
        },
        "Drive.Losses.ValueLoss.sum": {
            "value": 4.2132570544878645,
            "min": 3.2104281028111776,
            "max": 5.1303643922011055,
            "count": 10
        },
        "Drive.Policy.LearningRate.mean": {
            "value": 1.4186135271319991e-05,
            "min": 1.4186135271319991e-05,
            "max": 0.00028308420563859997,
            "count": 10
        },
        "Drive.Policy.LearningRate.sum": {
            "value": 7.093067635659996e-05,
            "min": 7.093067635659996e-05,
            "max": 0.0012761124746292,
            "count": 10
        },
        "Drive.Policy.Epsilon.mean": {
            "value": 0.10472867999999999,
            "min": 0.10472867999999999,
            "max": 0.1943614,
            "count": 10
        },
        "Drive.Policy.Epsilon.sum": {
            "value": 0.5236434,
            "min": 0.5236434,
            "max": 0.9253708,
            "count": 10
        },
        "Drive.Policy.Beta.mean": {
            "value": 0.00024596113200000007,
            "min": 0.00024596113200000007,
            "max": 0.004718633860000001,
            "count": 10
        },
        "Drive.Policy.Beta.sum": {
            "value": 0.0012298056600000002,
            "min": 0.0012298056600000002,
            "max": 0.021276002920000005,
            "count": 10
        },
        "Drive.IsTraining.mean": {
            "value": 1.0,
            "min": 1.0,
            "max": 1.0,
            "count": 10
        },
        "Drive.IsTraining.sum": {
            "value": 1.0,
            "min": 1.0,
            "max": 1.0,
            "count": 10
        }
    },
    "metadata": {
        "timer_format_version": "0.1.0",
        "start_time_seconds": "1728143732",
        "python_version": "3.7.0 (v3.7.0:1bf9cc5093, Jun 27 2018, 04:59:51) [MSC v.1914 64 bit (AMD64)]",
        "command_line_arguments": "C:\\Users\\Abolfazl\\AppData\\Local\\Programs\\Python\\Python37\\Scripts\\mlagents-learn --initialize-from=Drive_03 --run-id=Drive_03 --force",
        "mlagents_version": "0.26.0",
        "mlagents_envs_version": "0.26.0",
        "communication_protocol_version": "1.5.0",
        "pytorch_version": "1.7.1+cu110",
        "numpy_version": "1.21.6",
        "end_time_seconds": "1728144039"
    },
    "total": 307.7905133,
    "count": 1,
    "self": 0.006027500000016062,
    "children": {
        "run_training.setup": {
            "total": 0.0809612999999999,
            "count": 1,
            "self": 0.0809612999999999
        },
        "TrainerController.start_learning": {
            "total": 307.70352449999996,
            "count": 1,
            "self": 0.1963156000026629,
            "children": {
                "TrainerController._reset_env": {
                    "total": 8.407873200000001,
                    "count": 1,
                    "self": 8.407873200000001
                },
                "TrainerController.advance": {
                    "total": 299.03987459999723,
                    "count": 10929,
                    "self": 0.15609890000018822,
                    "children": {
                        "env_step": {
                            "total": 168.48324540000098,
                            "count": 10929,
                            "self": 135.1177992000028,
                            "children": {
                                "SubprocessEnvManager._take_step": {
                                    "total": 33.2521650999999,
                                    "count": 10929,
                                    "self": 0.6264741999998975,
                                    "children": {
                                        "TorchPolicy.evaluate": {
                                            "total": 32.6256909,
                                            "count": 10032,
                                            "self": 14.908516699999218,
                                            "children": {
                                                "TorchPolicy.sample_actions": {
                                                    "total": 17.717174200000784,
                                                    "count": 10032,
                                                    "self": 17.717174200000784
                                                }
                                            }
                                        }
                                    }
                                },
                                "workers": {
                                    "total": 0.11328109999828939,
                                    "count": 10929,
                                    "self": 0.0,
                                    "children": {
                                        "worker_root": {
                                            "total": 301.3771337000008,
                                            "count": 10929,
                                            "is_parallel": true,
                                            "self": 186.13591330000057,