{
    "name": "root",
    "gauges": {
        "Drive.Policy.Entropy.mean": {
            "value": 1.911116123199463,
            "min": 1.9000455141067505,
            "max": 1.913519263267517,
            "count": 10
        },
        "Drive.Policy.Entropy.sum": {
            "value": 95938.03125,
            "min": 94704.953125,
            "max": 97757.34375,
            "count": 10
        },
        "Drive.Step.mean": {
            "value": 499990.0,
            "min": 49996.0,
            "max": 499990.0,
            "count": 10
        },
        "Drive.Step.sum": {
            "value": 499990.0,
            "min": 49996.0,
            "max": 499990.0,
            "count": 10
        },
        "Drive.Policy.ExtrinsicValueEstimate.mean": {
            "value": 7.730838298797607,
            "min": 7.2997965812683105,
            "max": 7.818208694458008,
            "count": 10
        },
        "Drive.Policy.ExtrinsicValueEstimate.sum": {
            "value": 6694.90576171875,
            "min": 6168.328125,
            "max": 6755.97314453125,
            "count": 10
        },
        "Drive.Environment.EpisodeLength.mean": {
            "value": 378.16923076923075,
            "min": 316.61224489795916,
            "max": 380.6060606060606,
            "count": 10
        },
        "Drive.Environment.EpisodeLength.sum": {
            "value": 49162.0,
            "min": 39135.0,
            "max": 57256.0,
            "count": 10
        },
        "Drive.Environment.CumulativeReward.mean": {
            "value": 34.933999088177316,
            "min": 28.341627778244668,
            "max": 35.23840358539631,
            "count": 10
        },
        "Drive.Environment.CumulativeReward.sum": {
            "value": 4541.419881463051,
            "min": 3610.534584224224,
            "max": 5263.940118342638,
            "count": 10
        },
        "Drive.Policy.ExtrinsicReward.mean": {
            "value": 34.933999088177316,
            "min": 28.341627778244668,
            "max": 35.23840358539631,
            "count": 10
        },
        "Drive.Policy.ExtrinsicReward.sum": {
            "value": 4541.419881463051,
            "min": 3610.534584224224,
            "max": 5263.940118342638,
            "count": 10
        },
        "Drive.Losses.PolicyLoss.mean": {
            "value": 0.02339072367939783,
            "min": 0.020997600201614355,
            "max": 0.025307478781833197,
            "count": 10
        },
        "Drive.Losses.PolicyLoss.sum": {
            "value": 0.11695361839698915,
            "min": 0.08399040080645742,
            "max": 0.126537393909166,
            "count": 10
        },
        "Drive.Losses.ValueLoss.mean": {
            "value": 0.9280978492895763,
            "min": 0.7273112792770068,
            "max": 0.9669483319918314,
            "count": 10
        },
        "Drive.Losses.ValueLoss.sum": {
            "value": 4.640489246447881,
            "min": 3.131232498834531,
            "max": 4.834741659959157,
            "count": 10
        },
        "Drive.Policy.LearningRate.mean": {
            "value": 1.4274815241760002e-05,
            "min": 1.4274815241760002e-05,
            "max": 0.0002830704056432,
            "count": 10
        },
        "Drive.Policy.LearningRate.sum": {
            "value": 7.137407620880001e-05,
            "min": 7.137407620880001e-05,
            "max": 0.0012761928746024,
            "count": 10
        },
        "Drive.Policy.Epsilon.mean": {
            "value": 0.10475824,
            "min": 0.10475824,
            "max": 0.1943568,
            "count": 10
        },
        "Drive.Policy.Epsilon.sum": {
            "value": 0.5237912,
            "min": 0.5237912,
            "max": 0.9253976,
            "count": 10
        },
        "Drive.Policy.Beta.mean": {
            "value": 0.00024743617600000013,
            "min": 0.00024743617600000013,
            "max": 0.004718404320000001,
            "count": 10
        },
        "Drive.Policy.Beta.sum": {
            "value": 0.0012371808800000007,
            "min": 0.0012371808800000007,
            "max": 0.02127734024,
            "count": 10
        },
        "Drive.IsTraining.mean": {
            "value": 1.0,
            "min": 1.0,
            "max": 1.0,
            "count": 10
        },
        "Drive.IsTraining.sum": {
            "value": 1.0,
            "min": 1.0,
            "max": 1.0,
            "count": 10
        }
    },
    "metadata": {
        "timer_format_version": "0.1.0",
        "start_time_seconds": "1728136185",
        "python_version": "3.7.0 (v3.7.0:1bf9cc5093, Jun 27 2018, 04:59:51) [MSC v.1914 64 bit (AMD64)]",
        "command_line_arguments": "C:\\Users\\Abolfazl\\AppData\\Local\\Programs\\Python\\Python37\\Scripts\\mlagents-learn --initialize-from=Drive_03 --run-id=Drive_03 --force",
        "mlagents_version": "0.26.0",
        "mlagents_envs_version": "0.26.0",
        "communication_protocol_version": "1.5.0",
        "pytorch_version": "1.7.1+cu110",
        "numpy_version": "1.21.6",
        "end_time_seconds": "1728136491"
    },
    "total": 305.34777859999997,
    "count": 1,
    "self": 0.005824599999982638,
    "children": {
        "run_training.setup": {
            "total": 0.08253710000000003,
            "count": 1,
            "self": 0.08253710000000003
        },
        "TrainerController.start_learning": {
            "total": 305.25941689999996,
            "count": 1,
            "self": 0.18175329999650103,
            "children": {
                "TrainerController._reset_env": {
                    "total": 11.2924945,
                    "count": 1,
                    "self": 11.2924945
                },
                "TrainerController.advance": {
                    "total": 293.72248310000344,
                    "count": 10942,
                    "self": 0.15382170000515316,
                    "children": {
                        "env_step": {
                            "total": 167.68064079999866,
                            "count": 10942,
                            "self": 134.78082269999857,
                            "children": {
                                "SubprocessEnvManager._take_step": {
                                    "total": 32.79252200000082,
                                    "count": 10942,
                                    "self": 0.5949538000033741,
                                    "children": {
                                        "TorchPolicy.evaluate": {
                                            "total": 32.19756819999745,
                                            "count": 10033,
                                            "self": 14.637319299998289,
                                            "children": {
                                                "TorchPolicy.sample_actions": {
                                                    "total": 17.56024889999916,
                                                    "count": 10033,
                                                    "self": 17.56024889999916
                                                }
                                            }
                                        }
                                    }
                                },
                                "workers": {
                                    "total": 0.10729609999925493,
                                    "count": 10942,
                                    "self": 0.0,
                                    "children": {
                                        "worker_root": {
                                            "total": 295.9869027999985,
                                            "count": 10942,
                                            "is_parallel": true,
                                            "self": 180.929208399997,