{
    "name": "root",
    "gauges": {
        "Drive.Policy.Entropy.mean": {
            "value": 1.8908908367156982,
            "min": 1.798266887664795,
            "max": 2.0745794773101807,
            "count": 10
        },
        "Drive.Policy.Entropy.sum": {
            "value": 94355.453125,
            "min": 89823.4296875,
            "max": 106841.578125,
            "count": 10
        },
        "Drive.Step.mean": {
            "value": 499969.0,
            "min": 49984.0,
            "max": 499969.0,
            "count": 10
        },
        "Drive.Step.sum": {
            "value": 499969.0,
            "min": 49984.0,
            "max": 499969.0,
            "count": 10
        },
        "Drive.Policy.ExtrinsicValueEstimate.mean": {
            "value": 5.1933393478393555,
            "min": 2.108861207962036,
            "max": 5.1933393478393555,
            "count": 10
        },
        "Drive.Policy.ExtrinsicValueEstimate.sum": {
            "value": 4315.6650390625,
            "min": 2148.9296875,
            "max": 4315.6650390625,
            "count": 10
        },
        "Drive.Environment.EpisodeLength.mean": {
            "value": 535.15,
            "min": 141.2433234421365,
            "max": 681.7027027027027,
            "count": 10
        },
        "Drive.Environment.EpisodeLength.sum": {
            "value": 53515.0,
            "min": 41800.0,
            "max": 53529.0,
            "count": 10
        },
        "Drive.Environment.CumulativeReward.mean": {
            "value": 35.108232781887054,
            "min": 6.655999184715996,
            "max": 38.155842301007866,
            "count": 10
        },
        "Drive.Environment.CumulativeReward.sum": {
            "value": 3510.8232781887054,
            "min": 1950.847321599722,
            "max": 3510.8232781887054,
            "count": 10
        },
        "Drive.Policy.ExtrinsicReward.mean": {
            "value": 35.108232781887054,
            "min": 6.655999184715996,
            "max": 38.155842301007866,
            "count": 10
        },
        "Drive.Policy.ExtrinsicReward.sum": {
            "value": 3510.8232781887054,
            "min": 1950.847321599722,
            "max": 3510.8232781887054,
            "count": 10
        },
        "Drive.Losses.PolicyLoss.mean": {
            "value": 0.024699219370522767,
            "min": 0.020314921436171668,
            "max": 0.024699219370522767,
            "count": 10
        },
        "Drive.Losses.PolicyLoss.sum": {
            "value": 0.12349609685261384,
            "min": 0.091167550557293,
            "max": 0.12349609685261384,
            "count": 10
        },
        "Drive.Losses.ValueLoss.mean": {
            "value": 0.3122879374027252,
            "min": 0.13839582487940788,
            "max": 0.3122879374027252,
            "count": 10
        },
        "Drive.Losses.ValueLoss.sum": {
            "value": 1.561439687013626,
            "min": 0.6919791243970395,
            "max": 1.561439687013626,
            "count": 10
        },
        "Drive.Policy.LearningRate.mean": {
            "value": 1.5902734699120004e-05,
            "min": 1.5902734699120004e-05,
            "max": 0.00028459695513435,
            "count": 10
        },
        "Drive.Policy.LearningRate.sum": {
            "value": 7.951367349560002e-05,
            "min": 7.951367349560002e-05,
            "max": 0.0012840018719993997,
            "count": 10
        },
        "Drive.Policy.Epsilon.mean": {
            "value": 0.10530088000000001,
            "min": 0.10530088000000001,
            "max": 0.19486565,
            "count": 10
        },
        "Drive.Policy.Epsilon.sum": {
            "value": 0.5265044000000001,
            "min": 0.49944,
            "max": 0.9280006000000001,
            "count": 10
        },
        "Drive.Policy.Beta.mean": {
            "value": 0.00027451391200000014,
            "min": 0.00027451391200000014,
            "max": 0.0047437959350000005,
            "count": 10
        },
        "Drive.Policy.Beta.sum": {
            "value": 0.0013725695600000007,
            "min": 0.0013725695600000007,
            "max": 0.02140722994,
            "count": 10
        },
        "Drive.IsTraining.mean": {
            "value": 1.0,
            "min": 1.0,
            "max": 1.0,
            "count": 10
        },
        "Drive.IsTraining.sum": {
            "value": 1.0,
            "min": 1.0,
            "max": 1.0,
            "count": 10
        }
    },
    "metadata": {
        "timer_format_version": "0.1.0",
        "start_time_seconds": "1728145893",
        "python_version": "3.7.0 (v3.7.0:1bf9cc5093, Jun 27 2018, 04:59:51) [MSC v.1914 64 bit (AMD64)]",
        "command_line_arguments": "C:\\Users\\Abolfazl\\AppData\\Local\\Programs\\Python\\Python37\\Scripts\\mlagents-learn --initialize-from=Drive_03 --run-id=Drive_03 --force",
        "mlagents_version": "0.26.0",
        "mlagents_envs_version": "0.26.0",
        "communication_protocol_version": "1.5.0",
        "pytorch_version": "1.7.1+cu110",
        "numpy_version": "1.21.6",
        "end_time_seconds": "1728146216"
    },
    "total": 322.2322188,
    "count": 1,
    "self": 0.006065700000021934,
    "children": {
        "run_training.setup": {
            "total": 0.08334079999999999,
            "count": 1,
            "self": 0.08334079999999999
        },
        "TrainerController.start_learning": {
            "total": 322.1428123,
            "count": 1,
            "self": 0.1964083000009964,
            "children": {
                "TrainerController._reset_env": {
                    "total": 8.326128299999999,
                    "count": 1,
                    "self": 8.326128299999999
                },
                "TrainerController.advance": {
                    "total": 313.55271969999905,
                    "count": 11292,
                    "self": 0.17799130000099694,
                    "children": {
                        "env_step": {
                            "total": 185.61315649999977,
                            "count": 11292,
                            "self": 152.19845569999882,
                            "children": {
                                "SubprocessEnvManager._take_step": {
                                    "total": 33.298574300001604,
                                    "count": 11292,
                                    "self": 0.6920244000029356,
                                    "children": {
                                        "TorchPolicy.evaluate": {
                                            "total": 32.60654989999867,
                                            "count": 10031,
                                            "self": 14.817488599998253,
                                            "children": {
                                                "TorchPolicy.sample_actions": {
                                                    "total": 17.789061300000416,
                                                    "count": 10031,
                                                    "self": 17.789061300000416
                                                }
                                            }
                                        }
                                    }
                                },
                                "workers": {
                                    "total": 0.11612649999936764,
                                    "count": 11292,
                                    "self": 0.0,
                                    "children": {
                                        "worker_root": {
                                            "total": 315.7693247999956,
                                            "count": 11292,
                                            "is_parallel": true,
                                            "self": 184.38160499999466,