{
    "name": "root",
    "gauges": {
        "Drive.Policy.Entropy.mean": {
            "value": 1.2529196739196777,
            "min": 1.2529196739196777,
            "max": 1.2684440612792969,
            "count": 9
        },
        "Drive.Policy.Entropy.sum": {
            "value": 62771.27734375,
            "min": 62402.7109375,
            "max": 65121.21484375,
            "count": 9
        },
        "Drive.Step.mean": {
            "value": 449955.0,
            "min": 49973.0,
            "max": 449955.0,
            "count": 9
        },
        "Drive.Step.sum": {
            "value": 449955.0,
            "min": 49973.0,
            "max": 449955.0,
            "count": 9
        },
        "Drive.Policy.ExtrinsicValueEstimate.mean": {
            "value": 48.95025634765625,
            "min": 48.95025634765625,
            "max": 67.8943099975586,
            "count": 9
        },
        "Drive.Policy.ExtrinsicValueEstimate.sum": {
            "value": 39453.90625,
            "min": 39453.90625,
            "max": 56691.74609375,
            "count": 9
        },
        "Drive.Losses.PolicyLoss.mean": {
            "value": 0.02573862375691533,
            "min": 0.021162737053903886,
            "max": 0.02573862375691533,
            "count": 9
        },
        "Drive.Losses.PolicyLoss.sum": {
            "value": 0.12869311878457665,
            "min": 0.08465094821561554,
            "max": 0.12869311878457665,
            "count": 9
        },
        "Drive.Losses.ValueLoss.mean": {
            "value": 55.29227798461915,
            "min": 37.444595699310305,
            "max": 69.87597260475158,
            "count": 9
        },
        "Drive.Losses.ValueLoss.sum": {
            "value": 276.46138992309574,
            "min": 185.98980976740518,
            "max": 349.37986302375793,
            "count": 9
        },
        "Drive.Policy.LearningRate.mean": {
            "value": 4.4981845006079996e-05,
            "min": 4.4981845006079996e-05,
            "max": 0.0002828727057090999,
            "count": 9
        },
        "Drive.Policy.LearningRate.sum": {
            "value": 0.0002249092250304,
            "min": 0.0002249092250304,
            "max": 0.0012747792750736,
            "count": 9
        },
        "Drive.Policy.Epsilon.mean": {
            "value": 0.11499392,
            "min": 0.11499392,
            "max": 0.1942909,
            "count": 9
        },
        "Drive.Policy.Epsilon.sum": {
            "value": 0.5749696,
            "min": 0.5749696,
            "max": 0.9249264000000001,
            "count": 9
        },
        "Drive.Policy.Beta.mean": {
            "value": 0.0007581966080000001,
            "min": 0.0007581966080000001,
            "max": 0.00471511591,
            "count": 9
        },
        "Drive.Policy.Beta.sum": {
            "value": 0.0037909830400000006,
            "min": 0.0037909830400000006,
            "max": 0.02125382736,
            "count": 9
        },
        "Drive.Environment.EpisodeLength.mean": {
            "value": 348.16923076923075,
            "min": 348.16923076923075,
            "max": 374.38461538461536,
            "count": 9
        },
        "Drive.Environment.EpisodeLength.sum": {
            "value": 45262.0,
            "min": 38861.0,
            "max": 55588.0,
            "count": 9
        },
        "Drive.Environment.CumulativeReward.mean": {
            "value": 223.6595049032798,
            "min": 223.6595049032798,
            "max": 241.60074826972237,
            "count": 9
        },
        "Drive.Environment.CumulativeReward.sum": {
            "value": 29075.735637426376,
            "min": 25102.39902460575,
            "max": 36208.333221912384,
            "count": 9
        },
        "Drive.Policy.ExtrinsicReward.mean": {
            "value": 223.6595049032798,
            "min": 223.6595049032798,
            "max": 241.60074826972237,
            "count": 9
        },
        "Drive.Policy.ExtrinsicReward.sum": {
            "value": 29075.735637426376,
            "min": 25102.39902460575,
            "max": 36208.333221912384,
            "count": 9
        },
        "Drive.IsTraining.mean": {
            "value": 1.0,
            "min": 1.0,
            "max": 1.0,
            "count": 9
        },
        "Drive.IsTraining.sum": {
            "value": 1.0,
            "min": 1.0,
            "max": 1.0,
            "count": 9
        }
    },
    "metadata": {
        "timer_format_version": "0.1.0",
        "start_time_seconds": "1728152943",
        "python_version": "3.7.0 (v3.7.0:1bf9cc5093, Jun 27 2018, 04:59:51) [MSC v.1914 64 bit (AMD64)]",
        "command_line_arguments": "C:\\Users\\Abolfazl\\AppData\\Local\\Programs\\Python\\Python37\\Scripts\\mlagents-learn --initialize-from=Drive_03 --run-id=Drive_03 --force",
        "mlagents_version": "0.26.0",
        "mlagents_envs_version": "0.26.0",
        "communication_protocol_version": "1.5.0",
        "pytorch_version": "1.7.1+cu110",
        "numpy_version": "1.21.6",
        "end_time_seconds": "1728153305"
    },
    "total": 362.4424369,
    "count": 1,
    "self": 0.004902300000026116,
    "children": {
        "run_training.setup": {
            "total": 0.08198260000000013,
            "count": 1,
            "self": 0.08198260000000013
        },
        "TrainerController.start_learning": {
            "total": 362.355552,
            "count": 1,
            "self": 0.18211489999879404,
            "children": {
                "TrainerController._reset_env": {
                    "total": 15.500264600000001,
                    "count": 1,
                    "self": 15.500264600000001
                },
                "TrainerController.advance": {
                    "total": 346.0514293000012,
                    "count": 10672,
                    "self": 0.15745140000052515,
                    "children": {
                        "env_step": {
                            "total": 220.00335250000043,
                            "count": 10672,
                            "self": 185.5958900999977,
                            "children": {
                                "SubprocessEnvManager._take_step": {
                                    "total": 34.29390660000174,
                                    "count": 10672,
                                    "self": 0.6602903000009306,
                                    "children": {
                                        "TorchPolicy.evaluate": {
                                            "total": 33.63361630000081,
                                            "count": 9867,
                                            "self": 15.320994399999833,
                                            "children": {
                                                "TorchPolicy.sample_actions": {
                                                    "total": 18.312621900000977,
                                                    "count": 9867,
                                                    "self": 18.312621900000977
                                                }
                                            }
                                        }
                                    }
                                },
                                "workers": {
                                    "total": 0.11355580000101995,
                                    "count": 10671,
                                    "self": 0.0,
                                    "children": {
                                        "worker_root": {
                                            "total": 348.77583070000117,
                                            "count": 10671,
                                            "is_parallel": true,
                                            "self": 182.93952270000275,