{
    "name": "root",
    "gauges": {
        "Drive.Policy.Entropy.mean": {
            "value": 1.2759376764297485,
            "min": 1.2759376764297485,
            "max": 1.7283234596252441,
            "count": 10
        },
        "Drive.Policy.Entropy.sum": {
            "value": 64179.6640625,
            "min": 63755.0546875,
            "max": 88490.1640625,
            "count": 10
        },
        "Drive.Step.mean": {
            "value": 499941.0,
            "min": 49966.0,
            "max": 499941.0,
            "count": 10
        },
        "Drive.Step.sum": {
            "value": 499941.0,
            "min": 49966.0,
            "max": 499941.0,
            "count": 10
        },
        "Drive.Policy.ExtrinsicValueEstimate.mean": {
            "value": 8.13376522064209,
            "min": 4.617705821990967,
            "max": 8.247278213500977,
            "count": 10
        },
        "Drive.Policy.ExtrinsicValueEstimate.sum": {
            "value": 7206.515625,
            "min": 3837.313720703125,
            "max": 7250.2900390625,
            "count": 10
        },
        "Drive.Losses.PolicyLoss.mean": {
            "value": 0.0252477683491937,
            "min": 0.02117477558039051,
            "max": 0.026954435164273795,
            "count": 10
        },
        "Drive.Losses.PolicyLoss.sum": {
            "value": 0.1262388417459685,
            "min": 0.09760534930036455,
            "max": 0.13477217582136897,
            "count": 10
        },
        "Drive.Losses.ValueLoss.mean": {
            "value": 0.8326683505376181,
            "min": 0.20468247164454728,
            "max": 0.9024594801664353,
            "count": 10
        },
        "Drive.Losses.ValueLoss.sum": {
            "value": 4.1633417526880905,
            "min": 0.8187298865781891,
            "max": 4.512297400832177,
            "count": 10
        },
        "Drive.Policy.LearningRate.mean": {
            "value": 1.2836015721360002e-05,
            "min": 1.2836015721360002e-05,
            "max": 0.0002819865060045,
            "count": 10
        },
        "Drive.Policy.LearningRate.sum": {
            "value": 6.418007860680001e-05,
            "min": 6.418007860680001e-05,
            "max": 0.0012685086771638,
            "count": 10
        },
        "Drive.Policy.Epsilon.mean": {
            "value": 0.10427864,
            "min": 0.10427864,
            "max": 0.19399550000000004,
            "count": 10
        },
        "Drive.Policy.Epsilon.sum": {
            "value": 0.5213932,
            "min": 0.5213932,
            "max": 0.9228361999999998,
            "count": 10
        },
        "Drive.Policy.Beta.mean": {
            "value": 0.00022350413600000005,
            "min": 0.00022350413600000005,
            "max": 0.00470037545,
            "count": 10
        },
        "Drive.Policy.Beta.sum": {
            "value": 0.0011175206800000002,
            "min": 0.0011175206800000002,
            "max": 0.02114952638,
            "count": 10
        },
        "Drive.Environment.EpisodeLength.mean": {
            "value": 397.7165354330709,
            "min": 385.032,
            "max": 717.2197802197802,
            "count": 10
        },
        "Drive.Environment.EpisodeLength.sum": {
            "value": 50510.0,
            "min": 23551.0,
            "max": 65267.0,
            "count": 10
        },
        "Drive.Environment.CumulativeReward.mean": {
            "value": 36.55349714174045,
            "min": 6.826146854365126,
            "max": 37.025116183893466,
            "count": 10
        },
        "Drive.Environment.CumulativeReward.sum": {
            "value": 4642.294137001038,
            "min": 320.8289021551609,
            "max": 4642.294137001038,
            "count": 10
        },
        "Drive.Policy.ExtrinsicReward.mean": {
            "value": 36.55349714174045,
            "min": 6.826146854365126,
            "max": 37.025116183893466,
            "count": 10
        },
        "Drive.Policy.ExtrinsicReward.sum": {
            "value": 4642.294137001038,
            "min": 320.8289021551609,
            "max": 4642.294137001038,
            "count": 10
        },
        "Drive.IsTraining.mean": {
            "value": 1.0,
            "min": 1.0,
            "max": 1.0,
            "count": 10
        },
        "Drive.IsTraining.sum": {
            "value": 1.0,
            "min": 1.0,
            "max": 1.0,
            "count": 10
        }
    },
    "metadata": {
        "timer_format_version": "0.1.0",
        "start_time_seconds": "1728150573",
        "python_version": "3.7.0 (v3.7.0:1bf9cc5093, Jun 27 2018, 04:59:51) [MSC v.1914 64 bit (AMD64)]",
        "command_line_arguments": "C:\\Users\\Abolfazl\\AppData\\Local\\Programs\\Python\\Python37\\Scripts\\mlagents-learn --initialize-from=Drive_03 --run-id=Drive_03 --force",
        "mlagents_version": "0.26.0",
        "mlagents_envs_version": "0.26.0",
        "communication_protocol_version": "1.5.0",
        "pytorch_version": "1.7.1+cu110",
        "numpy_version": "1.21.6",
        "end_time_seconds": "1728150900"
    },
    "total": 327.10533580000003,
    "count": 1,
    "self": 0.006389600000034079,
    "children": {
        "run_training.setup": {
            "total": 0.0884545000000001,
            "count": 1,
            "self": 0.0884545000000001
        },
        "TrainerController.start_learning": {
            "total": 327.0104917,
            "count": 1,
            "self": 0.16735969999922418,
            "children": {
                "TrainerController._reset_env": {
                    "total": 7.808374199999999,
                    "count": 1,
                    "self": 7.808374199999999
                },
                "TrainerController.advance": {
                    "total": 318.9233845000008,
                    "count": 10763,
                    "self": 0.1506386999994902,
                    "children": {
                        "env_step": {
                            "total": 192.12104100000138,
                            "count": 10763,
                            "self": 160.1866981000008,
                            "children": {
                                "SubprocessEnvManager._take_step": {
                                    "total": 31.83410390000092,
                                    "count": 10763,
                                    "self": 0.6009387000034856,
                                    "children": {
                                        "TorchPolicy.evaluate": {
                                            "total": 31.233165199997433,
                                            "count": 10031,
                                            "self": 14.068025999998255,
                                            "children": {
                                                "TorchPolicy.sample_actions": {
                                                    "total": 17.165139199999178,
                                                    "count": 10031,
                                                    "self": 17.165139199999178
                                                }
                                            }
                                        }
                                    }
                                },
                                "workers": {
                                    "total": 0.10023899999966623,
                                    "count": 10763,
                                    "self": 0.0,
                                    "children": {
                                        "worker_root": {
                                            "total": 321.2664956000004,
                                            "count": 10763,
                                            "is_parallel": true,
                                            "self": 180.7165546999993,