{"count":1,"self":16.2217552,"total":16.2897717,"children":{"InitializeActuators":{"count":1,"self":0.0010000999999999999,"total":0.0010000999999999999,"children":null},"InitializeSensors":{"count":1,"self":0.0020004,"total":0.0020004,"children":null},"AgentSendState":{"count":558,"self":0.0030009,"total":0.0090023,"children":{"CollectObservations":{"count":558,"self":0.0010000999999999999,"total":0.0010000999999999999,"children":null},"WriteActionMask":{"count":558,"self":0.0010000999999999999,"total":0.0010000999999999999,"children":null},"RequestDecision":{"count":558,"self":0.0040012,"total":0.0040012,"children":null}}},"DecideAction":{"count":558,"self":0.0050011,"total":0.0050011,"children":null},"AgentAct":{"count":558,"self":0.0510119,"total":0.0510119,"children":null}},"gauges":{"Drive.CumulativeReward":{"count":2,"max":51.49328,"min":-0.6990968,"runningAverage":25.39709,"value":-0.6990968,"weightedAverage":38.4451828}},"metadata":{"timer_format_version":"0.1.0","start_time_seconds":"1728407287","unity_version":"2022.3.49f1","command_line_arguments":"C:\\Unity\\2022.3.49f1\\Editor\\Unity.exe","communication_protocol_version":"1.5.0","com.unity.ml-agents_version":"2.0.1","scene_name":"Scene_3","end_time_seconds":"1728407303"}}