{"count":1,"self":97.3314304,"total":97.9933252,"children":{"InitializeActuators":{"count":1,"self":0.0020006,"total":0.0020006,"children":null},"InitializeSensors":{"count":1,"self":0.0010000999999999999,"total":0.0010000999999999999,"children":null},"AgentSendState":{"count":4645,"self":0.0160018,"total":0.0430085,"children":{"CollectObservations":{"count":1549,"self":0.0160036,"total":0.0160036,"children":null},"WriteActionMask":{"count":1549,"self":0.0020012,"total":0.0020012,"children":null},"RequestDecision":{"count":1549,"self":0.0090019,"total":0.0090019,"children":null}}},"DecideAction":{"count":4645,"self":0.020003999999999997,"total":0.020003999999999997,"children":null},"AgentAct":{"count":4645,"self":0.59587839999999992,"total":0.59587839999999992,"children":null}},"gauges":{"Drive.CumulativeReward":{"count":5,"max":248.495209,"min":59.2385941,"runningAverage":190.656509,"value":237.805984,"weightedAverage":176.218063}},"metadata":{"timer_format_version":"0.1.0","start_time_seconds":"1728233881","unity_version":"2022.3.49f1","command_line_arguments":"C:\\Unity\\2022.3.49f1\\Editor\\Unity.exe","communication_protocol_version":"1.5.0","com.unity.ml-agents_version":"2.0.1","scene_name":"Scene_3","end_time_seconds":"1728233979"}}