{"count":1,"self":91.5895104,"total":93.035470899999993,"children":{"InitializeActuators":{"count":1,"self":0.0010003,"total":0.0010003,"children":null},"InitializeSensors":{"count":1,"self":0.0020005,"total":0.0020005,"children":null},"AgentSendState":{"count":4396,"self":0.027009699999999998,"total":1.2523541999999999,"children":{"CollectObservations":{"count":4396,"self":0.004001,"total":0.004001,"children":null},"WriteActionMask":{"count":4396,"self":0.0060015999999999993,"total":0.0060015999999999993,"children":null},"RequestDecision":{"count":4396,"self":1.2153418999999999,"total":1.2153418999999999,"children":null}}},"DecideAction":{"count":4396,"self":0.0445459,"total":0.0445459,"children":null},"AgentAct":{"count":4396,"self":0.14605869999999999,"total":0.14605869999999999,"children":null}},"gauges":{"Drive.CumulativeReward":{"count":3,"max":451.744141,"min":228.549286,"runningAverage":331.016846,"value":451.744141,"weightedAverage":300.136963}},"metadata":{"timer_format_version":"0.1.0","start_time_seconds":"1728404994","unity_version":"2022.3.49f1","command_line_arguments":"C:\\Unity\\2022.3.49f1\\Editor\\Unity.exe","communication_protocol_version":"1.5.0","com.unity.ml-agents_version":"2.0.1","scene_name":"Scene_3","end_time_seconds":"1728405087"}}