{"count":1,"self":32.019568,"total":32.1956157,"children":{"InitializeActuators":{"count":1,"self":0.0009998,"total":0.0009998,"children":null},"InitializeSensors":{"count":1,"self":0.0020006,"total":0.0020006,"children":null},"AgentSendState":{"count":1365,"self":0.0080013,"total":0.1650431,"children":{"CollectObservations":{"count":1365,"self":0.1460385,"total":0.1460385,"children":null},"WriteActionMask":{"count":1365,"self":0.0040006999999999994,"total":0.0040006999999999994,"children":null},"RequestDecision":{"count":1365,"self":0.0070025999999999994,"total":0.0070025999999999994,"children":null}}},"DecideAction":{"count":1365,"self":0.0040025999999999994,"total":0.0040025999999999994,"children":null},"AgentAct":{"count":1365,"self":0.0030017,"total":0.0030017,"children":null}},"gauges":{"Drive.CumulativeReward":{"count":3,"max":145.765457,"min":104.726807,"runningAverage":128.539215,"value":145.765457,"weightedAverage":120.6862}},"metadata":{"timer_format_version":"0.1.0","start_time_seconds":"1728397329","unity_version":"2022.3.49f1","command_line_arguments":"C:\\Unity\\2022.3.49f1\\Editor\\Unity.exe","communication_protocol_version":"1.5.0","com.unity.ml-agents_version":"2.0.1","scene_name":"Scene_3","end_time_seconds":"1728397361"}}