{"count":1,"self":94.8409216,"total":236.70053879999998,"children":{"InitializeActuators":{"count":50,"self":0.0010000999999999999,"total":0.0010000999999999999,"children":null},"InitializeSensors":{"count":50,"self":0.0010000999999999999,"total":0.0010000999999999999,"children":null},"AgentSendState":{"count":43051,"self":0.33267209999999997,"total":3.7302929999999996,"children":{"CollectObservations":{"count":269100,"self":1.1459848,"total":1.1459848,"children":null},"WriteActionMask":{"count":269100,"self":0.036012999999999996,"total":0.036012999999999996,"children":null},"RequestDecision":{"count":269100,"self":0.2826242,"total":2.2156230999999997,"children":{"AgentInfo.ToProto":{"count":269100,"self":0.2301577,"total":1.9329988999999999,"children":{"GenerateSensorData":{"count":269100,"self":1.7028412,"total":1.7028412,"children":null}}}}}}},"DecideAction":{"count":43051,"self":137.1135104,"total":137.11350819999998,"children":null},"AgentAct":{"count":43051,"self":0.97880839999999991,"total":0.97880839999999991,"children":null},"AgentInfo.ToProto":{"count":1461,"self":0.013002099999999999,"total":0.0350054,"children":{"GenerateSensorData":{"count":1461,"self":0.0220033,"total":0.0220033,"children":null}}}},"gauges":{"Drive.CumulativeReward":{"count":1461,"max":17.0352955,"min":0.05421257,"runningAverage":12.8701134,"value":15.2002954,"weightedAverage":14.7719593}},"metadata":{"timer_format_version":"0.1.0","start_time_seconds":"1728133618","unity_version":"2022.3.49f1","command_line_arguments":"C:\\Unity\\2022.3.49f1\\Editor\\Unity.exe -projectpath C:\\SelfProjects\\GearProject -useHub -hubIPC -cloudEnvironment production -licensingIpc LicenseClient-R67YitFWqz0L_b9QnUxgL -hubSessionId fb55b5b3-7c43-43ef-89fa-629394bb89d8 -accessToken 49PCCMvtYaxMiZ2j_Qav9bvCzq9l7FiIHqg3MvMAu94002f","communication_protocol_version":"1.5.0","com.unity.ml-agents_version":"2.0.1","scene_name":"Scene_3","end_time_seconds":"1728133854"}}