{"count":1,"self":59.2578496,"total":317.2425105,"children":{"InitializeActuators":{"count":50,"self":0.0020007,"total":0.0020007,"children":null},"InitializeSensors":{"count":50,"self":0.002,"total":0.002,"children":null},"AgentSendState":{"count":30101,"self":0.698429,"total":7.1599656,"children":{"CollectObservations":{"count":501700,"self":2.1366868,"total":2.1366867,"children":null},"WriteActionMask":{"count":501700,"self":0.10055059999999999,"total":0.10055059999999999,"children":null},"RequestDecision":{"count":501700,"self":0.47138349999999996,"total":4.2242993,"children":{"AgentInfo.ToProto":{"count":501700,"self":0.4549026,"total":3.7529158,"children":{"GenerateSensorData":{"count":501700,"self":3.2980131999999998,"total":3.2980131999999998,"children":null}}}}}}},"DecideAction":{"count":30101,"self":226.9464576,"total":226.9464543,"children":null},"AgentAct":{"count":30101,"self":23.849214399999997,"total":23.849214699999997,"children":null},"AgentInfo.ToProto":{"count":1719,"self":0.008000199999999999,"total":0.0240266,"children":{"GenerateSensorData":{"count":1719,"self":0.0160264,"total":0.0160264,"children":null}}}},"gauges":{"Drive.CumulativeReward":{"count":1719,"max":43.02468,"min":1,"runningAverage":15.3524427,"value":40.5166359,"weightedAverage":40.0561676}},"metadata":{"timer_format_version":"0.1.0","start_time_seconds":"1728145898","unity_version":"2022.3.49f1","command_line_arguments":"C:\\Unity\\2022.3.49f1\\Editor\\Unity.exe -projectpath C:\\SelfProjects\\GearProject -useHub -hubIPC -cloudEnvironment production -licensingIpc LicenseClient-R67YitFWqz0L_b9QnUxgL -hubSessionId fb55b5b3-7c43-43ef-89fa-629394bb89d8 -accessToken 49PCCMvtYaxMiZ2j_Qav9bvCzq9l7FiIHqg3MvMAu94002f","communication_protocol_version":"1.5.0","com.unity.ml-agents_version":"2.0.1","scene_name":"Scene_3","end_time_seconds":"1728146216"}}