{"count":1,"self":34.886316799999996,"total":35.1323638,"children":{"InitializeActuators":{"count":1,"self":0.0010000999999999999,"total":0.0010000999999999999,"children":null},"InitializeSensors":{"count":1,"self":0.0020009,"total":0.0020009,"children":null},"AgentSendState":{"count":1502,"self":0.0070027,"total":0.020006,"children":{"CollectObservations":{"count":1502,"self":0.0030007,"total":0.0030007,"children":null},"WriteActionMask":{"count":1502,"self":0.0010000999999999999,"total":0.0010000999999999999,"children":null},"RequestDecision":{"count":1502,"self":0.0090025,"total":0.0090025,"children":null}}},"DecideAction":{"count":1502,"self":0.014003699999999999,"total":0.014003699999999999,"children":null},"AgentAct":{"count":1502,"self":0.20903719999999998,"total":0.20903719999999998,"children":null}},"gauges":{"Drive.CumulativeReward":{"count":1,"max":408.371,"min":408.371,"runningAverage":408.371,"value":408.371,"weightedAverage":408.371}},"metadata":{"timer_format_version":"0.1.0","start_time_seconds":"1728405959","unity_version":"2022.3.49f1","command_line_arguments":"C:\\Unity\\2022.3.49f1\\Editor\\Unity.exe","communication_protocol_version":"1.5.0","com.unity.ml-agents_version":"2.0.1","scene_name":"Scene_3","end_time_seconds":"1728405994"}}