{"count":1,"self":50.815999999999995,"total":51.999978,"children":{"InitializeActuators":{"count":50,"self":0.0020006,"total":0.0020006,"children":null},"InitializeSensors":{"count":50,"self":0.0030006,"total":0.0030006,"children":null},"AgentSendState":{"count":2341,"self":0.074147499999999991,"total":0.31184219999999996,"children":{"CollectObservations":{"count":39050,"self":0.19516429999999999,"total":0.19516429999999999,"children":null},"WriteActionMask":{"count":39050,"self":0.0085173,"total":0.0085173,"children":null},"RequestDecision":{"count":39050,"self":0.0340131,"total":0.0340131,"children":null}}},"DecideAction":{"count":2341,"self":0.7720458,"total":0.7720458,"children":null},"AgentAct":{"count":2341,"self":0.094089999999999993,"total":0.094089999999999993,"children":null}},"gauges":{"Drive.CumulativeReward":{"count":84,"max":39.4391975,"min":0.886155248,"runningAverage":21.4683075,"value":19.7997742,"weightedAverage":17.8847847}},"metadata":{"timer_format_version":"0.1.0","start_time_seconds":"1728139418","unity_version":"2022.3.49f1","command_line_arguments":"C:\\Unity\\2022.3.49f1\\Editor\\Unity.exe -projectpath C:\\SelfProjects\\GearProject -useHub -hubIPC -cloudEnvironment production -licensingIpc LicenseClient-R67YitFWqz0L_b9QnUxgL -hubSessionId fb55b5b3-7c43-43ef-89fa-629394bb89d8 -accessToken 49PCCMvtYaxMiZ2j_Qav9bvCzq9l7FiIHqg3MvMAu94002f","communication_protocol_version":"1.5.0","com.unity.ml-agents_version":"2.0.1","scene_name":"Scene_3","end_time_seconds":"1728139470"}}