{"count":1,"self":67.9261824,"total":297.6585076,"children":{"InitializeActuators":{"count":50,"self":0.0030004999999999997,"total":0.0030004999999999997,"children":null},"InitializeSensors":{"count":50,"self":0.0009999,"total":0.0009999,"children":null},"AgentSendState":{"count":30101,"self":0.646177,"total":6.5278955,"children":{"CollectObservations":{"count":501700,"self":2.038941,"total":2.038941,"children":null},"WriteActionMask":{"count":501700,"self":0.0685264,"total":0.0685264,"children":null},"RequestDecision":{"count":501700,"self":0.4449313,"total":3.7742511,"children":{"AgentInfo.ToProto":{"count":501700,"self":0.38109509999999996,"total":3.3293198,"children":{"GenerateSensorData":{"count":501700,"self":2.9482247999999998,"total":2.9482247,"children":null}}}}}}},"DecideAction":{"count":30101,"self":222.52267519999998,"total":222.5226787,"children":null},"AgentAct":{"count":30101,"self":0.6537489,"total":0.6537489,"children":null},"AgentInfo.ToProto":{"count":1359,"self":0.0100018,"total":0.0240047,"children":{"GenerateSensorData":{"count":1359,"self":0.014002899999999999,"total":0.014002899999999999,"children":null}}}},"gauges":{"Drive.CumulativeReward":{"count":1359,"max":39.4526329,"min":1,"runningAverage":33.1762848,"value":37.47335,"weightedAverage":32.839016}},"metadata":{"timer_format_version":"0.1.0","start_time_seconds":"1728136193","unity_version":"2022.3.49f1","command_line_arguments":"C:\\Unity\\2022.3.49f1\\Editor\\Unity.exe -projectpath C:\\SelfProjects\\GearProject -useHub -hubIPC -cloudEnvironment production -licensingIpc LicenseClient-R67YitFWqz0L_b9QnUxgL -hubSessionId fb55b5b3-7c43-43ef-89fa-629394bb89d8 -accessToken 49PCCMvtYaxMiZ2j_Qav9bvCzq9l7FiIHqg3MvMAu94002f","communication_protocol_version":"1.5.0","com.unity.ml-agents_version":"2.0.1","scene_name":"Scene_3","end_time_seconds":"1728136491"}}