{"count":1,"self":28.805366399999997,"total":72.7171962,"children":{"InitializeActuators":{"count":1,"self":0.001,"total":0.001,"children":null},"InitializeSensors":{"count":1,"self":0.0010000999999999999,"total":0.0010000999999999999,"children":null},"AgentSendState":{"count":47784,"self":0.0470132,"total":0.2350512,"children":{"CollectObservations":{"count":9557,"self":0.062011199999999995,"total":0.062011199999999995,"children":null},"WriteActionMask":{"count":9557,"self":0.0020004,"total":0.0020004,"children":null},"RequestDecision":{"count":9557,"self":0.037010299999999996,"total":0.1240264,"children":{"AgentInfo.ToProto":{"count":9557,"self":0.025004199999999997,"total":0.0870161,"children":{"GenerateSensorData":{"count":9557,"self":0.062011899999999995,"total":0.062011899999999995,"children":null}}}}}}},"DecideAction":{"count":47784,"self":41.71472,"total":41.714719699999996,"children":null},"AgentAct":{"count":47784,"self":1.9600575999999998,"total":1.9600577,"children":null}},"gauges":{},"metadata":{"timer_format_version":"0.1.0","start_time_seconds":"1728084198","unity_version":"2022.3.49f1","command_line_arguments":"C:\\Unity\\2022.3.49f1\\Editor\\Unity.exe -projectpath C:\\SelfProjects\\GearProject -useHub -hubIPC -cloudEnvironment production -licensingIpc LicenseClient-Abolfazl -hubSessionId 7d425544-c479-4c51-9e4a-b61d5840d221 -accessToken 49PCCMvtYaxMiZ2j_Qav9bvCzq9l7FiIHqg3MvMAu94002f","communication_protocol_version":"1.5.0","com.unity.ml-agents_version":"2.0.1","scene_name":"Scene_3","end_time_seconds":"1728084270"}}