{
    "name": "root",
    "gauges": {
        "Drive.Policy.Entropy.mean": {
            "value": 1.6186504364013672,
            "min": 1.6186504364013672,
            "max": 2.1099276542663574,
            "count": 10
        },
        "Drive.Policy.Entropy.sum": {
            "value": 80633.0703125,
            "min": 80633.0703125,
            "max": 107270.828125,
            "count": 10
        },
        "Drive.Step.mean": {
            "value": 499947.0,
            "min": 49942.0,
            "max": 499947.0,
            "count": 10
        },
        "Drive.Step.sum": {
            "value": 499947.0,
            "min": 49942.0,
            "max": 499947.0,
            "count": 10
        },
        "Drive.Policy.ExtrinsicValueEstimate.mean": {
            "value": 11.423356056213379,
            "min": 0.7320119738578796,
            "max": 11.423356056213379,
            "count": 10
        },
        "Drive.Policy.ExtrinsicValueEstimate.sum": {
            "value": 10121.09375,
            "min": 581.9495239257812,
            "max": 10121.09375,
            "count": 10
        },
        "Drive.Losses.PolicyLoss.mean": {
            "value": 0.023811159026032935,
            "min": 0.022071991244835467,
            "max": 0.026963431412586947,
            "count": 10
        },
        "Drive.Losses.PolicyLoss.sum": {
            "value": 0.11905579513016468,
            "min": 0.0929846177547006,
            "max": 0.13481715706293473,
            "count": 10
        },
        "Drive.Losses.ValueLoss.mean": {
            "value": 3.379733238220215,
            "min": 0.1223515861729781,
            "max": 3.379733238220215,
            "count": 10
        },
        "Drive.Losses.ValueLoss.sum": {
            "value": 16.898666191101075,
            "min": 0.5510692651073138,
            "max": 16.898666191101075,
            "count": 10
        },
        "Drive.Policy.LearningRate.mean": {
            "value": 1.6111294629600003e-05,
            "min": 1.6111294629600003e-05,
            "max": 0.00028446165517944993,
            "count": 10
        },
        "Drive.Policy.LearningRate.sum": {
            "value": 8.0556473148e-05,
            "min": 8.0556473148e-05,
            "max": 0.0012832086722637998,
            "count": 10
        },
        "Drive.Policy.Epsilon.mean": {
            "value": 0.10537040000000002,
            "min": 0.10537040000000002,
            "max": 0.19482054999999998,
            "count": 10
        },
        "Drive.Policy.Epsilon.sum": {
            "value": 0.5268520000000001,
            "min": 0.499626,
            "max": 0.9277361999999998,
            "count": 10
        },
        "Drive.Policy.Beta.mean": {
            "value": 0.00027798296000000004,
            "min": 0.00027798296000000004,
            "max": 0.004741545445,
            "count": 10
        },
        "Drive.Policy.Beta.sum": {
            "value": 0.0013899148000000002,
            "min": 0.0013899148000000002,
            "max": 0.02139403638,
            "count": 10
        },
        "Drive.Environment.EpisodeLength.mean": {
            "value": 229.7117117117117,
            "min": 229.7117117117117,
            "max": 1391.7857142857142,
            "count": 10
        },
        "Drive.Environment.EpisodeLength.sum": {
            "value": 50996.0,
            "min": 38970.0,
            "max": 54036.0,
            "count": 10
        },
        "Drive.Environment.CumulativeReward.mean": {
            "value": 49.98313452961209,
            "min": 32.47213419337394,
            "max": 51.32761099360075,
            "count": 10
        },
        "Drive.Environment.CumulativeReward.sum": {
            "value": 11096.255865573883,
            "min": 1203.1342253470793,
            "max": 11096.255865573883,
            "count": 10
        },
        "Drive.Policy.ExtrinsicReward.mean": {
            "value": 49.98313452961209,
            "min": 32.47213419337394,
            "max": 51.32761099360075,
            "count": 10
        },
        "Drive.Policy.ExtrinsicReward.sum": {
            "value": 11096.255865573883,
            "min": 1203.1342253470793,
            "max": 11096.255865573883,
            "count": 10
        },
        "Drive.IsTraining.mean": {
            "value": 1.0,
            "min": 1.0,
            "max": 1.0,
            "count": 10
        },
        "Drive.IsTraining.sum": {
            "value": 1.0,
            "min": 1.0,
            "max": 1.0,
            "count": 10
        }
    },
    "metadata": {
        "timer_format_version": "0.1.0",
        "start_time_seconds": "1728234056",
        "python_version": "3.7.0 (v3.7.0:1bf9cc5093, Jun 27 2018, 04:59:51) [MSC v.1914 64 bit (AMD64)]",
        "command_line_arguments": "C:\\Users\\Abolfazl\\AppData\\Local\\Programs\\Python\\Python37\\Scripts\\mlagents-learn --run-id=Drive_02 --force",
        "mlagents_version": "0.26.0",
        "mlagents_envs_version": "0.26.0",
        "communication_protocol_version": "1.5.0",
        "pytorch_version": "1.7.1+cu110",
        "numpy_version": "1.21.6",
        "end_time_seconds": "1728234468"
    },
    "total": 412.0446759,
    "count": 1,
    "self": 0.006492700000023888,
    "children": {
        "run_training.setup": {
            "total": 0.2473434999999995,
            "count": 1,
            "self": 0.2473434999999995
        },
        "TrainerController.start_learning": {
            "total": 411.7908397,
            "count": 1,
            "self": 0.25222789999565975,
            "children": {
                "TrainerController._reset_env": {
                    "total": 33.5439777,
                    "count": 1,
                    "self": 33.5439777
                },
                "TrainerController.advance": {
                    "total": 377.92923190000437,
                    "count": 19266,
                    "self": 0.23015850000268756,
                    "children": {
                        "env_step": {
                            "total": 253.0725189000025,
                            "count": 19266,
                            "self": 189.98702320000035,
                            "children": {
                                "SubprocessEnvManager._take_step": {
                                    "total": 62.926638599997666,
                                    "count": 19266,
                                    "self": 0.871501399999616,
                                    "children": {
                                        "TorchPolicy.evaluate": {
                                            "total": 62.05513719999805,
                                            "count": 18546,
                                            "self": 30.355235599995908,
                                            "children": {
                                                "TorchPolicy.sample_actions": {
                                                    "total": 31.699901600002143,
                                                    "count": 18546,
                                                    "self": 31.699901600002143
                                                }
                                            }
                                        }
                                    }
                                },
                                "workers": {
                                    "total": 0.15885710000447517,
                                    "count": 19266,
                                    "self": 0.0,
                                    "children": {
                                        "worker_root": {
                                            "total": 383.31925469999686,
                                            "count": 19266,
                                            "is_parallel": true,
                                            "self": 217.14300489999758,