{
    "name": "root",
    "gauges": {
        "Drive.Policy.Entropy.mean": {
            "value": 1.2494107484817505,
            "min": 1.2474159002304077,
            "max": 1.421959400177002,
            "count": 22
        },
        "Drive.Policy.Entropy.sum": {
            "value": 12204.244140625,
            "min": 11793.1953125,
            "max": 21066.994140625,
            "count": 22
        },
        "Drive.Step.mean": {
            "value": 219997.0,
            "min": 9984.0,
            "max": 219997.0,
            "count": 22
        },
        "Drive.Step.sum": {
            "value": 219997.0,
            "min": 9984.0,
            "max": 219997.0,
            "count": 22
        },
        "Drive.Policy.ExtrinsicValueEstimate.mean": {
            "value": 5.2079877853393555,
            "min": 2.000208616256714,
            "max": 5.5839924812316895,
            "count": 22
        },
        "Drive.Policy.ExtrinsicValueEstimate.sum": {
            "value": 906.1898803710938,
            "min": 312.0325622558594,
            "max": 943.6947021484375,
            "count": 22
        },
        "Drive.Losses.PolicyLoss.mean": {
            "value": 0.2368537903640321,
            "min": 0.2368537903640321,
            "max": 0.25709217278350993,
            "count": 22
        },
        "Drive.Losses.PolicyLoss.sum": {
            "value": 14.921788792934022,
            "min": 3.7016628659617874,
            "max": 16.864872276796977,
            "count": 22
        },
        "Drive.Losses.ValueLoss.mean": {
            "value": 0.06257071281439654,
            "min": 0.06257071281439654,
            "max": 1.0230730740124314,
            "count": 22
        },
        "Drive.Losses.ValueLoss.sum": {
            "value": 3.9419549073069815,
            "min": 3.1613605528915696,
            "max": 44.962814832910105,
            "count": 22
        },
        "Drive.Policy.LearningRate.mean": {
            "value": 0.00017104749060323175,
            "min": 0.00017104749060323175,
            "max": 0.0002970918409693866,
            "count": 22
        },
        "Drive.Policy.LearningRate.sum": {
            "value": 0.0107759919080036,
            "min": 0.0043647330450889985,
            "max": 0.016017429060857197,
            "count": 22
        },
        "Drive.Policy.Epsilon.mean": {
            "value": 0.1570158158730159,
            "min": 0.1570158158730159,
            "max": 0.19903061333333336,
            "count": 22
        },
        "Drive.Policy.Epsilon.sum": {
            "value": 9.891996400000002,
            "min": 2.954911000000001,
            "max": 11.4555966,
            "count": 22
        },
        "Drive.Policy.Beta.mean": {
            "value": 0.00028937749777777777,
            "min": 0.00028937749777777777,
            "max": 0.0004952500053333333,
            "count": 22
        },
        "Drive.Policy.Beta.sum": {
            "value": 0.01823078236,
            "min": 0.007279063899999999,
            "max": 0.02676179972,
            "count": 22
        },
        "Drive.IsTraining.mean": {
            "value": 1.0,
            "min": 1.0,
            "max": 1.0,
            "count": 22
        },
        "Drive.IsTraining.sum": {
            "value": 1.0,
            "min": 1.0,
            "max": 1.0,
            "count": 22
        },
        "Drive.Environment.EpisodeLength.mean": {
            "value": 172.39622641509433,
            "min": 169.7037037037037,
            "max": 319.1578947368421,
            "count": 21
        },
        "Drive.Environment.EpisodeLength.sum": {
            "value": 9137.0,
            "min": 772.0,
            "max": 21075.0,
            "count": 21
        },
        "Drive.Environment.CumulativeReward.mean": {
            "value": 18.350173439619677,
            "min": 10.829653218388557,
            "max": 22.529233963865984,
            "count": 21
        },
        "Drive.Environment.CumulativeReward.sum": {
            "value": 972.5591922998428,
            "min": 43.31861287355423,
            "max": 1409.889241039753,
            "count": 21
        },
        "Drive.Policy.ExtrinsicReward.mean": {
            "value": 18.350173439619677,
            "min": 10.829653218388557,
            "max": 22.529233963865984,
            "count": 21
        },
        "Drive.Policy.ExtrinsicReward.sum": {
            "value": 972.5591922998428,
            "min": 43.31861287355423,
            "max": 1409.889241039753,
            "count": 21
        }
    },
    "metadata": {
        "timer_format_version": "0.1.0",
        "start_time_seconds": "1728115924",
        "python_version": "3.7.0 (v3.7.0:1bf9cc5093, Jun 27 2018, 04:59:51) [MSC v.1914 64 bit (AMD64)]",
        "command_line_arguments": "C:\\Users\\Abolfazl\\AppData\\Local\\Programs\\Python\\Python37\\Scripts\\mlagents-learn config/Drive.yaml --env=Builds/Build_01/My project --num-envs=16 --force --torch-device=cpu --no-graphics",
        "mlagents_version": "0.26.0",
        "mlagents_envs_version": "0.26.0",
        "communication_protocol_version": "1.5.0",
        "pytorch_version": "1.7.1+cu110",
        "numpy_version": "1.21.6",
        "end_time_seconds": "1728116262"
    },
    "total": 337.86322670000004,
    "count": 1,
    "self": 0.3685479000000669,
    "children": {
        "run_training.setup": {
            "total": 1.4133075000000002,
            "count": 1,
            "self": 1.4133075000000002
        },
        "TrainerController.start_learning": {
            "total": 336.0813713,
            "count": 1,
            "self": 0.15951220000124522,
            "children": {
                "TrainerController._reset_env": {
                    "total": 6.614061400000001,
                    "count": 1,
                    "self": 6.614061400000001
                },
                "TrainerController.advance": {
                    "total": 329.20452699999873,
                    "count": 3410,
                    "self": 0.12032219999798599,
                    "children": {
                        "env_step": {
                            "total": 45.01393919999927,
                            "count": 3410,
                            "self": 21.93831010000484,
                            "children": {
                                "SubprocessEnvManager._take_step": {
                                    "total": 22.781655099995696,
                                    "count": 29845,
                                    "self": 1.9092082999936935,
                                    "children": {
                                        "TorchPolicy.evaluate": {
                                            "total": 20.872446800002002,
                                            "count": 28970,
                                            "self": 3.677742800002285,
                                            "children": {
                                                "TorchPolicy.sample_actions": {
                                                    "total": 17.194703999999717,
                                                    "count": 28970,
                                                    "self": 17.194703999999717
                                                }
                                            }
                                        }
                                    }
                                },
                                "workers": {
                                    "total": 0.2939739999987321,
                                    "count": 3410,
                                    "self": 0.0,
                                    "children": {
                                        "worker_root": {
                                            "total": 5299.939080199975,
                                            "count": 29840,
                                            "is_parallel": true,