{
    "name": "root",
    "metadata": {
        "timer_format_version": "0.1.0",
        "start_time_seconds": "1728085146",
        "python_version": "3.7.0 (v3.7.0:1bf9cc5093, Jun 27 2018, 04:59:51) [MSC v.1914 64 bit (AMD64)]",
        "command_line_arguments": "C:\\Users\\Abolfazl\\AppData\\Local\\Programs\\Python\\Python37\\Scripts\\mlagents-learn --force",
        "mlagents_version": "0.26.0",
        "mlagents_envs_version": "0.26.0",
        "communication_protocol_version": "1.5.0",
        "pytorch_version": "1.7.1+cu110",
        "numpy_version": "1.21.6",
        "end_time_seconds": "1728085211"
    },
    "total": 64.363746,
    "count": 1,
    "self": 0.0044733000000007905,
    "children": {
        "run_training.setup": {
            "total": 0.08612140000000013,
            "count": 1,
            "self": 0.08612140000000013
        },
        "TrainerController.start_learning": {
            "total": 64.27315130000001,
            "count": 1,
            "self": 0.05718309999983262,
            "children": {
                "TrainerController._reset_env": {
                    "total": 11.5453641,
                    "count": 1,
                    "self": 11.5453641
                },
                "TrainerController.advance": {
                    "total": 52.035230400000174,
                    "count": 4643,
                    "self": 0.05468630000031993,
                    "children": {
                        "env_step": {
                            "total": 44.34188829999988,
                            "count": 4643,
                            "self": 33.779598400000026,
                            "children": {
                                "SubprocessEnvManager._take_step": {
                                    "total": 10.524868900000014,
                                    "count": 4643,
                                    "self": 0.18956010000006351,
                                    "children": {
                                        "TorchPolicy.evaluate": {
                                            "total": 10.33530879999995,
                                            "count": 4601,
                                            "self": 6.8953686999998745,
                                            "children": {
                                                "TorchPolicy.sample_actions": {
                                                    "total": 3.4399401000000758,
                                                    "count": 4601,
                                                    "self": 3.4399401000000758
                                                }
                                            }
                                        }
                                    }
                                },
                                "workers": {
                                    "total": 0.03742099999984383,
                                    "count": 4642,
                                    "self": 0.0,
                                    "children": {
                                        "worker_root": {
                                            "total": 54.84965380000001,
                                            "count": 4642,
                                            "is_parallel": true,
                                            "self": 24.373578600000016,
                                            "children": {
                                                "steps_from_proto": {
                                                    "total": 0.0003291000000000821,
                                                    "count": 1,
                                                    "is_parallel": true,
                                                    "self": 0.00011900000000153454,
                                                    "children": {
                                                        "_process_rank_one_or_two_observation": {
                                                            "total": 0.00021009999999854756,
                                                            "count": 2,
                                                            "is_parallel": true,
                                                            "self": 0.00021009999999854756
                                                        }
                                                    }
                                                },
                                                "UnityEnvironment.step": {
                                                    "total": 30.4757461,
                                                    "count": 4642,
                                                    "is_parallel": true,
                                                    "self": 0.3679928999996953,
                                                    "children": {
                                                        "UnityEnvironment._generate_step_input": {
                                                            "total": 0.5493348000000946,
                                                            "count": 4642,
                                                            "is_parallel": true,
                                                            "self": 0.5493348000000946
                                                        },
                                                        "communicator.exchange": {
                                                            "total": 28.659172300000122,
                                                            "count": 4642,
                                                            "is_parallel": true,
                                                            "self": 28.659172300000122
                                                        },
                                                        "steps_from_proto": {
                                                            "total": 0.8992461000000844,
                                                            "count": 4642,
                                                            "is_parallel": true,
                                                            "self": 0.39823290000019007,
                                                            "children": {
                                                                "_process_rank_one_or_two_observation": {
                                                                    "total": 0.5010131999998944,
                                                                    "count": 9284,
                                                                    "is_parallel": true,
                                                                    "self": 0.5010131999998944
                                                                }
                                                            }
                                                        }
                                                    }
                                                }
                                            }
                                        }
                                    }
                                }
                            }
                        },
                        "trainer_advance": {
                            "total": 7.638655799999972,
                            "count": 4642,
                            "self": 0.06435419999983161,
                            "children": {
                                "process_trajectory": {
                                    "total": 2.64535190000014,
                                    "count": 4642,
                                    "self": 2.64535190000014
                                },
                                "_update_policy": {
                                    "total": 4.9289497,