{
    "name": "root",
    "gauges": {
        "Drive.Policy.Entropy.mean": {
            "value": 1.9414517879486084,
            "min": 1.9414517879486084,
            "max": 2.035651922225952,
            "count": 2
        },
        "Drive.Policy.Entropy.sum": {
            "value": 97156.0703125,
            "min": 97156.0703125,
            "max": 103024.34375,
            "count": 2
        },
        "Drive.Step.mean": {
            "value": 99949.0,
            "min": 49978.0,
            "max": 99949.0,
            "count": 2
        },
        "Drive.Step.sum": {
            "value": 99949.0,
            "min": 49978.0,
            "max": 99949.0,
            "count": 2
        },
        "Drive.Policy.ExtrinsicValueEstimate.mean": {
            "value": 18.744342803955078,
            "min": 7.411014080047607,
            "max": 18.744342803955078,
            "count": 2
        },
        "Drive.Policy.ExtrinsicValueEstimate.sum": {
            "value": 15070.4521484375,
            "min": 5862.1123046875,
            "max": 15070.4521484375,
            "count": 2
        },
        "Drive.Losses.PolicyLoss.mean": {
            "value": 0.0025342815256913635,
            "min": 0.0025342815256913635,
            "max": 0.010674210181362772,
            "count": 2
        },
        "Drive.Losses.PolicyLoss.sum": {
            "value": 0.06082275661659272,
            "min": 0.06082275661659272,
            "max": 0.21348420362725545,
            "count": 2
        },
        "Drive.Losses.ValueLoss.mean": {
            "value": 11.964784555965002,
            "min": 3.117017797815303,
            "max": 11.964784555965002,
            "count": 2
        },
        "Drive.Losses.ValueLoss.sum": {
            "value": 287.15482934316003,
            "min": 62.340355956306055,
            "max": 287.15482934316003,
            "count": 2
        },
        "Drive.Policy.LearningRate.mean": {
            "value": 0.00029551352399549246,
            "min": 0.00029551352399549246,
            "max": 0.000298367778544074,
            "count": 2
        },
        "Drive.Policy.LearningRate.sum": {
            "value": 0.007092324575891819,
            "min": 0.00596735557088148,
            "max": 0.007092324575891819,
            "count": 2
        },
        "Drive.Policy.Epsilon.mean": {
            "value": 0.19850450750000004,
            "min": 0.19850450750000004,
            "max": 0.199455926,
            "count": 2
        },
        "Drive.Policy.Epsilon.sum": {
            "value": 4.764108180000001,
            "min": 3.98911852,
            "max": 4.764108180000001,
            "count": 2
        },
        "Drive.Policy.Beta.mean": {
            "value": 0.00492537492425,
            "min": 0.00492537492425,
            "max": 0.0049728507074,
            "count": 2
        },
        "Drive.Policy.Beta.sum": {
            "value": 0.11820899818200001,
            "min": 0.099457014148,
            "max": 0.11820899818200001,
            "count": 2
        },
        "Drive.Environment.EpisodeLength.mean": {
            "value": 951.1864406779661,
            "min": 951.1864406779661,
            "max": 1612.6521739130435,
            "count": 2
        },
        "Drive.Environment.EpisodeLength.sum": {
            "value": 56120.0,
            "min": 37091.0,
            "max": 56120.0,
            "count": 2
        },
        "Drive.Environment.CumulativeReward.mean": {
            "value": 181.19034230907178,
            "min": 181.19034230907178,
            "max": 200.24441841159663,
            "count": 2
        },
        "Drive.Environment.CumulativeReward.sum": {
            "value": 10690.230196235236,
            "min": 4605.621623466723,
            "max": 10690.230196235236,
            "count": 2
        },
        "Drive.Policy.ExtrinsicReward.mean": {
            "value": 181.19034230907178,
            "min": 181.19034230907178,
            "max": 200.24441841159663,
            "count": 2
        },
        "Drive.Policy.ExtrinsicReward.sum": {
            "value": 10690.230196235236,
            "min": 4605.621623466723,
            "max": 10690.230196235236,
            "count": 2
        },
        "Drive.IsTraining.mean": {
            "value": 1.0,
            "min": 1.0,
            "max": 1.0,
            "count": 2
        },
        "Drive.IsTraining.sum": {
            "value": 1.0,
            "min": 1.0,
            "max": 1.0,
            "count": 2
        }
    },
    "metadata": {
        "timer_format_version": "0.1.0",
        "start_time_seconds": "1728406255",
        "python_version": "3.7.0 (v3.7.0:1bf9cc5093, Jun 27 2018, 04:59:51) [MSC v.1914 64 bit (AMD64)]",
        "command_line_arguments": "C:\\Users\\Abolfazl\\AppData\\Local\\Programs\\Python\\Python37\\Scripts\\mlagents-learn config/Drive.yaml --force",
        "mlagents_version": "0.26.0",
        "mlagents_envs_version": "0.26.0",
        "communication_protocol_version": "1.5.0",
        "pytorch_version": "1.7.1+cu110",
        "numpy_version": "1.21.6",
        "end_time_seconds": "1728406369"
    },
    "total": 114.71090290000001,
    "count": 1,
    "self": 0.004712700000013115,
    "children": {
        "run_training.setup": {
            "total": 0.08136659999999996,
            "count": 1,
            "self": 0.08136659999999996
        },
        "TrainerController.start_learning": {
            "total": 114.6248236,
            "count": 1,
            "self": 0.09330690000015807,
            "children": {
                "TrainerController._reset_env": {
                    "total": 14.4664468,
                    "count": 1,
                    "self": 14.4664468
                },
                "TrainerController.advance": {
                    "total": 99.41140949999985,
                    "count": 6551,
                    "self": 0.08751219999872717,
                    "children": {
                        "env_step": {
                            "total": 60.70866790000109,
                            "count": 6551,
                            "self": 38.6254091000012,
                            "children": {
                                "SubprocessEnvManager._take_step": {
                                    "total": 22.02219730000045,
                                    "count": 6551,
                                    "self": 0.3057034000010326,
                                    "children": {
                                        "TorchPolicy.evaluate": {
                                            "total": 21.716493899999417,
                                            "count": 6551,
                                            "self": 8.999773699998856,
                                            "children": {
                                                "TorchPolicy.sample_actions": {
                                                    "total": 12.71672020000056,
                                                    "count": 6551,
                                                    "self": 12.71672020000056
                                                }
                                            }
                                        }
                                    }
                                },
                                "workers": {
                                    "total": 0.061061499999437885,
                                    "count": 6550,
                                    "self": 0.0,
                                    "children": {
                                        "worker_root": {
                                            "total": 102.14624670000075,
                                            "count": 6550,
                                            "is_parallel": true,
                                            "self": 71.12225790000096,